SalePrice,num_rooms,n_baths,square_meters,neighborhood
335000,3.0,1.0,79.0,Gracia
795000,7.0,3.0,192.0,Gracia
410000,2.0,1.0,76.0,Gracia
259000,1.0,1.0,91.0,Gracia
579000,4.0,2.0,141.0,Gracia
630000,3.0,2.0,185.0,Gracia
249000,2.0,1.0,60.0,Gracia
588000,4.0,2.0,126.0,Gracia
408000,3.0,2.0,81.0,Gracia
179000,3.0,2.0,66.0,Gracia
310000,4.0,1.0,72.0,Gracia
475000,4.0,2.0,124.0,Gracia
232000,2.0,1.0,61.0,Gracia
319000,4.0,2.0,109.0,Gracia
250000,3.0,2.0,89.0,Gracia
455000,2.0,2.0,85.0,Gracia
890000,3.0,2.0,186.0,Gracia
365000,3.0,1.0,84.0,Gracia
255000,2.0,2.0,75.0,Gracia
440000,5.0,2.0,147.0,Gracia
535000,4.0,2.0,127.0,Gracia
232000,2.0,,,Gracia
315000,3.0,1.0,103.0,Gracia
250000,2.0,2.0,72.0,Gracia
320000,1.0,1.0,130.0,Gracia
290000,3.0,2.0,77.0,Gracia
259000,3.0,1.0,65.0,Gracia
498000,4.0,2.0,141.0,Gracia
595000,4.0,1.0,170.0,Gracia
295000,3.0,1.0,84.0,Gracia
430000,1.0,1.0,72.0,Gracia
335000,3.0,2.0,89.0,Gracia
240000,2.0,2.0,85.0,Gracia
260000,3.0,1.0,68.0,Gracia
389000,2.0,2.0,104.0,Gracia
498000,5.0,2.0,141.0,Gracia
480000,3.0,2.0,102.0,Gracia
520000,3.0,2.0,86.0,Gracia
1055000,3.0,2.0,158.0,Gracia
380000,3.0,2.0,80.0,Gracia
445000,2.0,2.0,93.0,Gracia
375000,4.0,2.0,94.0,Gracia
330000,3.0,2.0,86.0,Gracia
260000,1.0,1.0,102.0,Gracia
380000,3.0,2.0,80.0,Gracia
649000,4.0,2.0,155.0,Gracia
395000,3.0,2.0,91.0,Gracia
498000,5.0,2.0,141.0,Gracia
220000,3.0,1.0,78.0,Gracia
498500,4.0,2.0,120.0,Gracia
245000,,,,Gracia
330000,3.0,1.0,75.0,Gracia
995000,4.0,3.0,158.0,Gracia
630000,3.0,2.0,167.0,Gracia
646000,3.0,2.0,83.0,Gracia
475000,4.0,2.0,103.0,Gracia
500000,3.0,2.0,94.0,Gracia
550000,3.0,1.0,232.0,Gracia
252926,1.0,1.0,50.0,Gracia
395000,3.0,2.0,115.0,Gracia
260000,3.0,1.0,82.0,Gracia
350000,3.0,1.0,98.0,Gracia
370000,3.0,2.0,90.0,Gracia
220000,3.0,1.0,70.0,Gracia
180000,2.0,1.0,70.0,Gracia
1700000,5.0,4.0,312.0,Gracia
590000,3.0,2.0,92.0,Gracia
409000,2.0,2.0,60.0,Gracia
179000,3.0,2.0,66.0,Gracia
790000,3.0,2.0,150.0,Gracia
225000,4.0,2.0,100.0,Gracia
417860,2.0,1.0,57.0,Gracia
512000,2.0,2.0,115.0,Gracia
319500,3.0,1.0,,Gracia
1200000,3.0,3.0,220.0,Gracia
498000,5.0,2.0,141.0,Gracia
399000,3.0,2.0,75.0,Gracia
433000,2.0,2.0,90.0,Gracia
465000,3.0,3.0,99.0,Gracia
467000,2.0,1.0,98.0,Gracia
495000,4.0,2.0,158.0,Gracia
430000,2.0,1.0,72.0,Gracia
698000,3.0,2.0,143.0,Gracia
330000,3.0,1.0,76.0,Gracia
515000,3.0,1.0,81.0,Gracia
409000,3.0,2.0,74.0,Gracia
1100000,3.0,3.0,300.0,Gracia
498000,5.0,2.0,141.0,Gracia
380000,2.0,1.0,85.0,Gracia
365000,2.0,1.0,81.0,Gracia
500000,4.0,2.0,114.0,Gracia
370000,3.0,2.0,112.0,Gracia
109000,1.0,,,Gracia
357000,3.0,2.0,105.0,Gracia
455000,3.0,2.0,82.0,Gracia
450000,3.0,1.0,100.0,Gracia
740000,4.0,3.0,215.0,Gracia
205000,1.0,1.0,41.0,Gracia
250000,3.0,1.0,79.0,Gracia
215000,1.0,1.0,43.0,Gracia
321741,1.0,,,Gracia
450789,2.0,1.0,79.0,Gracia
544766,3.0,2.0,85.0,Gracia
540000,3.0,3.0,115.0,Gracia
510000,3.0,2.0,90.0,Gracia
635000,4.0,3.0,123.0,Gracia
1375000,10.0,4.0,600.0,Gracia
428000,2.0,1.0,63.0,Gracia
512000,3.0,1.0,150.0,Gracia
520000,3.0,1.0,120.0,Gracia
339000,3.0,2.0,110.0,Gracia
399000,2.0,1.0,76.0,Gracia
397000,2.0,1.0,37.0,Gracia
550000,4.0,3.0,222.0,Gracia
230000,2.0,,,Gracia
307500,3.0,1.0,133.0,Gracia
380000,3.0,1.0,83.0,Gracia
1400000,7.0,5.0,347.0,Gracia
240000,3.0,1.0,74.0,Gracia
250000,2.0,2.0,72.0,Gracia
380000,3.0,2.0,80.0,Gracia
1080000,3.0,2.0,189.0,Gracia
425000,1.0,1.0,59.0,Gracia
345000,4.0,1.0,90.0,Gracia
380000,3.0,1.0,67.0,Gracia
389000,2.0,2.0,104.0,Gracia
199000,3.0,1.0,58.0,Gracia
249700,3.0,2.0,87.0,Gracia
785000,3.0,2.0,132.0,Gracia
359000,3.0,2.0,73.0,Gracia
269900,3.0,1.0,78.0,Gracia
1475000,7.0,3.0,170.0,Gracia
930000,4.0,2.0,128.0,Gracia
225000,4.0,2.0,100.0,Gracia
490000,2.0,2.0,96.0,Gracia
269000,3.0,1.0,65.0,Gracia
199000,3.0,1.0,58.0,Gracia
420000,3.0,1.0,98.0,Gracia
845000,6.0,4.0,238.0,Gracia
380000,3.0,2.0,80.0,Gracia
690000,3.0,3.0,120.0,Gracia
690000,3.0,3.0,120.0,Gracia
1790000,3.0,3.0,189.0,Gracia
1080000,3.0,2.0,189.0,Gracia
1050000,5.0,3.0,208.0,Gracia
252000,1.0,1.0,54.0,Gracia
650000,3.0,4.0,95.0,Gracia
298000,2.0,1.0,53.0,Gracia
297500,3.0,2.0,55.0,Gracia
195000,3.0,2.0,100.0,Gracia
626000,3.0,2.0,84.0,Gracia
515000,2.0,2.0,114.0,Gracia
2100000,5.0,4.0,379.0,Gracia
197000,2.0,1.0,63.0,Gracia
595000,3.0,2.0,109.0,Gracia
175000,3.0,,,Gracia
573000,3.0,2.0,109.0,Gracia
395000,2.0,2.0,134.0,Gracia
860550,4.0,3.0,130.0,Gracia
240000,1.0,,,Gracia
650000,4.0,2.0,114.0,Gracia
375000,2.0,2.0,83.0,Gracia
849000,3.0,3.0,121.0,Gracia
169000,2.0,1.0,68.0,Gracia
330000,3.0,2.0,86.0,Gracia
319000,3.0,2.0,57.0,Gracia
798730,3.0,2.0,117.0,Gracia
428000,2.0,1.0,63.0,Gracia
316000,2.0,1.0,76.0,Gracia
225000,4.0,2.0,100.0,Gracia
591138,2.0,1.0,191.0,Gracia
515000,3.0,1.0,81.0,Gracia
199000,3.0,1.0,72.0,Gracia
510000,3.0,2.0,93.0,Gracia
520000,3.0,1.0,120.0,Gracia
232000,2.0,1.0,57.0,Gracia
380000,,,,Gracia
300000,3.0,1.0,75.0,Gracia
375000,3.0,1.0,90.0,Gracia
498000,5.0,2.0,141.0,Gracia
197000,2.0,1.0,63.0,Gracia
259000,3.0,1.0,65.0,Gracia
561581,1.0,1.0,180.0,Gracia
370000,4.0,2.0,98.0,Gracia
630000,3.0,2.0,152.0,Gracia
275000,2.0,1.0,76.0,Gracia
380000,3.0,1.0,70.0,Gracia
300000,3.0,2.0,86.0,Gracia
389000,2.0,1.0,104.0,Gracia
339000,3.0,1.0,97.0,Gracia
250000,2.0,2.0,72.0,Gracia
450000,2.0,2.0,90.0,Gracia
197000,2.0,1.0,63.0,Gracia
495000,4.0,2.0,108.0,Gracia
296000,2.0,1.0,59.0,Gracia
199000,3.0,1.0,58.0,Gracia
490000,2.0,2.0,104.0,Gracia
339000,4.0,2.0,118.0,Gracia
240000,2.0,2.0,85.0,Gracia
399000,3.0,2.0,78.0,Gracia
297500,3.0,2.0,57.0,Gracia
354000,3.0,2.0,100.0,Gracia
392000,3.0,2.0,101.0,Gracia
590000,4.0,1.0,148.0,Gracia
390000,1.0,1.0,83.0,Gracia
215000,2.0,1.0,45.0,Gracia
1390000,4.0,4.0,220.0,Gracia
465000,3.0,1.0,103.0,Gracia
490000,2.0,2.0,97.0,Gracia
258000,3.0,1.0,71.0,Gracia
745000,5.0,2.0,155.0,Gracia
380000,2.0,1.0,65.0,Gracia
310000,3.0,2.0,66.0,Gracia
179000,3.0,2.0,66.0,Gracia
389000,2.0,2.0,104.0,Gracia
455000,3.0,2.0,82.0,Gracia
2100000,5.0,4.0,287.0,Gracia
790000,3.0,2.0,150.0,Gracia
245000,3.0,1.0,45.0,Gracia
197000,2.0,1.0,63.0,Gracia
423000,2.0,2.0,67.0,Gracia
398000,3.0,2.0,80.0,Gracia
107000,1.0,,,Gracia
1225000,8.0,4.0,250.0,Gracia
630000,3.0,2.0,180.0,Gracia
400000,2.0,2.0,91.0,Gracia
320000,4.0,1.0,86.0,Gracia
320000,4.0,1.0,86.0,Gracia
197000,2.0,1.0,63.0,Gracia
300000,3.0,2.0,77.0,Gracia
375000,2.0,1.0,95.0,Gracia
275000,3.0,1.0,65.0,Gracia
553000,3.0,2.0,121.0,Gracia
298400,2.0,1.0,65.0,Gracia
315000,2.0,2.0,77.0,Gracia
350000,2.0,1.0,62.0,Gracia
430300,2.0,1.0,59.0,Gracia
437678,2.0,1.0,57.0,Gracia
260000,3.0,1.0,65.0,Gracia
320000,2.0,1.0,130.0,Gracia
1095000,4.0,2.0,194.0,Gracia
1650000,5.0,2.0,210.0,Gracia
145000,3.0,1.0,59.0,Gracia
520000,3.0,2.0,121.0,Gracia
543000,3.0,2.0,111.0,Gracia
370000,2.0,2.0,76.0,Gracia
411000,2.0,2.0,63.0,Gracia
239900,3.0,2.0,63.0,Gracia
375000,1.0,,,Gracia
320000,2.0,1.0,104.0,Gracia
1080000,3.0,2.0,190.0,Gracia
339000,3.0,1.0,95.0,Gracia
245000,2.0,2.0,60.0,Gracia
330000,3.0,1.0,73.0,Gracia
197000,2.0,1.0,63.0,Gracia
630000,2.0,2.0,137.0,Gracia
613700,2.0,2.0,87.0,Gracia
275000,3.0,1.0,89.0,Gracia
1080000,3.0,2.0,189.0,Gracia
365000,3.0,1.0,70.0,Gracia
385000,4.0,1.0,83.0,Gracia
457000,4.0,2.0,75.0,Gracia
389000,2.0,1.0,104.0,Gracia
215000,2.0,1.0,50.0,Gracia
345000,2.0,2.0,77.0,Gracia
320000,4.0,1.0,86.0,Gracia
490000,2.0,2.0,74.0,Gracia
355000,4.0,2.0,170.0,Gracia
435000,3.0,1.0,91.0,Gracia
498000,2.0,2.0,70.0,Gracia
1060000,4.0,3.0,200.0,Gracia
368000,4.0,2.0,96.0,Gracia
798000,3.0,2.0,193.0,Gracia
472414,1.0,1.0,70.0,Gracia
298000,2.0,1.0,53.0,Gracia
225000,4.0,2.0,100.0,Gracia
498000,5.0,2.0,141.0,Gracia
197000,2.0,1.0,63.0,Gracia
750000,3.0,3.0,146.0,Gracia
199000,3.0,1.0,72.0,Gracia
159000,1.0,1.0,60.0,Gracia
109000,1.0,,,Gracia
320000,4.0,1.0,86.0,Gracia
604700,1.0,1.0,94.0,Gracia
250000,2.0,2.0,72.0,Gracia
350000,4.0,3.0,134.0,Gracia
179000,3.0,1.0,66.0,Gracia
1350000,15.0,4.0,325.0,Gracia
498000,5.0,2.0,141.0,Gracia
272000,3.0,1.0,71.0,Gracia
169000,3.0,1.0,69.0,Gracia
389000,2.0,2.0,104.0,Gracia
470000,3.0,2.0,136.0,Gracia
498000,5.0,2.0,141.0,Gracia
399000,3.0,2.0,78.0,Gracia
380000,3.0,1.0,90.0,Gracia
259000,3.0,1.0,70.0,Gracia
260000,2.0,1.0,66.0,Gracia
215000,2.0,1.0,50.0,Gracia
215000,2.0,1.0,50.0,Gracia
169000,3.0,1.0,69.0,Gracia
498000,5.0,2.0,141.0,Gracia
215000,2.0,1.0,50.0,Gracia
215000,2.0,1.0,50.0,Gracia
472414,1.0,,,Gracia
1055000,3.0,2.0,192.0,Gracia
595000,3.0,2.0,139.0,Gracia
380000,3.0,2.0,80.0,Gracia
523000,3.0,2.0,109.0,Gracia
370000,3.0,3.0,82.0,Gracia
250000,2.0,1.0,72.0,Gracia
1300000,4.0,3.0,293.0,Gracia
610000,3.0,2.0,148.0,Gracia
498000,3.0,2.0,109.0,Gracia
2100000,5.0,3.0,287.0,Gracia
450000,2.0,2.0,90.0,Gracia
245000,1.0,1.0,42.0,Gracia
414729,2.0,1.0,59.0,Gracia
390000,3.0,1.0,90.0,Gracia
695000,2.0,2.0,142.0,Gracia
252926,1.0,1.0,44.0,Gracia
395000,3.0,2.0,115.0,Gracia
250000,2.0,1.0,51.0,Gracia
390000,2.0,1.0,82.0,Gracia
1795000,6.0,6.0,427.0,Gracia
225000,4.0,2.0,100.0,Gracia
498000,5.0,2.0,141.0,Gracia
239000,2.0,1.0,63.0,Gracia
1375000,4.0,4.0,474.0,Gracia
330000,3.0,1.0,91.0,Gracia
390000,3.0,2.0,90.0,Gracia
232000,2.0,1.0,57.0,Gracia
515000,3.0,1.0,95.0,Gracia
285000,3.0,1.0,75.0,Gracia
320000,1.0,1.0,130.0,Gracia
529000,1.0,1.0,140.0,Gracia
199000,3.0,1.0,72.0,Gracia
890000,4.0,2.0,186.0,Gracia
245000,1.0,1.0,42.0,Gracia
380000,3.0,1.0,90.0,Gracia
375000,4.0,2.0,95.0,Gracia
194000,2.0,1.0,56.0,Gracia
995000,4.0,2.0,160.0,Gracia
199000,3.0,1.0,58.0,Gracia
1955000,4.0,5.0,191.0,Gracia
725000,4.0,3.0,190.0,Gracia
399000,3.0,2.0,68.0,Gracia
380000,3.0,2.0,80.0,Gracia
389000,2.0,2.0,104.0,Gracia
395000,3.0,2.0,80.0,Gracia
199000,3.0,1.0,58.0,Gracia
220000,3.0,1.0,70.0,Gracia
215000,2.0,1.0,50.0,Gracia
470000,3.0,2.0,136.0,Gracia
225000,3.0,1.0,66.0,Gracia
298000,2.0,1.0,53.0,Gracia
319000,3.0,3.0,160.0,Gracia
399000,3.0,2.0,77.0,Gracia
305000,4.0,2.0,88.0,Gracia
197000,2.0,1.0,63.0,Gracia
215000,2.0,1.0,50.0,Gracia
259000,3.0,1.0,65.0,Gracia
320000,3.0,1.0,130.0,Gracia
215000,2.0,,,Gracia
498000,5.0,2.0,141.0,Gracia
330000,3.0,2.0,86.0,Gracia
725000,4.0,3.0,190.0,Gracia
630000,3.0,2.0,180.0,Gracia
497278,1.0,1.0,170.0,Gracia
290000,3.0,1.0,69.0,Gracia
404137,2.0,1.0,59.0,Gracia
690000,2.0,2.0,152.0,Gracia
550000,1.0,2.0,102.0,Gracia
159000,1.0,,,Gracia
389000,2.0,2.0,104.0,Gracia
488000,3.0,2.0,106.0,Gracia
295000,1.0,1.0,61.0,Gracia
413557,2.0,1.0,57.0,Gracia
695000,2.0,2.0,141.0,Gracia
490000,3.0,2.0,93.0,Gracia
548000,2.0,2.0,125.0,Gracia
488000,3.0,2.0,106.0,Gracia
498000,5.0,2.0,127.0,Gracia
380000,3.0,1.0,81.0,Gracia
1985000,6.0,6.0,567.0,Gracia
561581,1.0,1.0,90.0,Gracia
329000,3.0,2.0,93.0,Gracia
250000,2.0,1.0,52.0,Gracia
399000,3.0,2.0,78.0,Gracia
245000,1.0,,,Gracia
440000,4.0,2.0,93.0,Gracia
1490000,6.0,1.0,200.0,Gracia
199000,2.0,1.0,125.0,Gracia
604700,1.0,1.0,94.0,Gracia
395000,3.0,2.0,115.0,Gracia
175000,1.0,1.0,28.0,Gracia
193000,4.0,1.0,78.0,Gracia
1450000,4.0,4.0,263.0,Gracia
1050000,8.0,4.0,203.0,Gracia
2800000,3.0,3.0,300.0,Gracia
390000,2.0,1.0,65.0,Gracia
320000,4.0,1.0,86.0,Gracia
399000,3.0,2.0,77.0,Gracia
290000,3.0,2.0,77.0,Gracia
239900,3.0,1.0,69.0,Gracia
260000,3.0,1.0,65.0,Gracia
467000,2.0,1.0,82.0,Gracia
690000,3.0,3.0,120.0,Gracia
300000,3.0,1.0,75.0,Gracia
375000,4.0,2.0,95.0,Gracia
320000,4.0,1.0,86.0,Gracia
370000,2.0,1.0,70.0,Gracia
695000,4.0,2.0,200.0,Gracia
460000,4.0,2.0,80.0,Gracia
550000,1.0,2.0,102.0,Gracia
350000,4.0,1.0,83.0,Gracia
109000,1.0,,,Gracia
1050000,6.0,4.0,265.0,Gracia
395000,3.0,2.0,113.0,Gracia
750000,3.0,2.0,109.0,Gracia
698000,3.0,2.0,125.0,Gracia
1350000,4.0,3.0,222.0,Gracia
410000,2.0,2.0,87.0,Gracia
598000,5.0,3.0,248.0,Gracia
380000,3.0,2.0,80.0,Gracia
330000,3.0,2.0,86.0,Gracia
420000,2.0,2.0,101.0,Gracia
547000,3.0,2.0,128.0,Gracia
245000,1.0,1.0,42.0,Gracia
467000,2.0,1.0,82.0,Gracia
595000,5.0,3.0,250.0,Gracia
595000,5.0,3.0,250.0,Gracia
512000,2.0,2.0,143.0,Gracia
520000,4.0,2.0,119.0,Gracia
405310,2.0,1.0,57.0,Gracia
259000,3.0,1.0,65.0,Gracia
2100000,5.0,4.0,225.0,Gracia
320000,2.0,1.0,50.0,Gracia
394420,2.0,1.0,59.0,Gracia
744500,2.0,2.0,141.0,Gracia
380000,,,,Gracia
512000,2.0,2.0,99.0,Gracia
197000,2.0,1.0,63.0,Gracia
415000,3.0,2.0,85.0,Gracia
970000,6.0,3.0,170.0,Gracia
475000,3.0,2.0,98.0,Gracia
695000,2.0,2.0,141.0,Gracia
450000,3.0,2.0,110.0,Gracia
215000,2.0,1.0,50.0,Gracia
498000,5.0,2.0,141.0,Gracia
690000,3.0,3.0,120.0,Gracia
225000,4.0,2.0,100.0,Gracia
197000,2.0,1.0,63.0,Gracia
835000,7.0,2.0,231.0,Gracia
260000,1.0,1.0,60.0,Gracia
290000,3.0,1.0,74.0,Gracia
498000,5.0,2.0,141.0,Gracia
193000,4.0,1.0,70.0,Gracia
3900000,10.0,,,Gracia
266238,1.0,1.0,52.0,Gracia
375000,2.0,1.0,94.0,Gracia
269000,3.0,1.0,65.0,Gracia
259000,3.0,1.0,69.0,Gracia
266000,1.0,1.0,64.0,Gracia
425000,2.0,1.0,80.0,Gracia
380000,3.0,1.0,90.0,Gracia
197000,2.0,1.0,63.0,Gracia
175000,3.0,1.0,63.0,Gracia
319500,2.0,2.0,165.0,Gracia
297500,3.0,2.0,52.0,Gracia
370000,3.0,2.0,90.0,Gracia
389000,2.0,2.0,119.0,Gracia
1200000,3.0,2.0,140.0,Gracia
785000,3.0,2.0,93.0,Gracia
339000,1.0,1.0,68.0,Gracia
199000,3.0,1.0,58.0,Gracia
330000,2.0,1.0,57.0,Gracia
398000,3.0,2.0,72.0,Gracia
1340000,2.0,2.0,212.0,Gracia
215000,2.0,1.0,50.0,Gracia
225000,4.0,2.0,100.0,Gracia
1340000,2.0,2.0,166.0,Gracia
159000,1.0,,,Gracia
197000,2.0,1.0,63.0,Gracia
380000,3.0,1.0,90.0,Gracia
385000,3.0,1.0,57.0,Gracia
1750000,8.0,2.0,230.0,Gracia
1100000,3.0,3.0,300.0,Gracia
510000,2.0,2.0,74.0,Gracia
320000,2.0,1.0,62.0,Gracia
380000,3.0,2.0,80.0,Gracia
1985000,6.0,6.0,597.0,Gracia
833000,7.0,2.0,231.0,Gracia
240000,1.0,1.0,,Gracia
245000,3.0,1.0,45.0,Gracia
495000,2.0,2.0,70.0,Gracia
320000,4.0,1.0,86.0,Gracia
1675000,6.0,2.0,194.0,Gracia
250000,2.0,1.0,75.0,Gracia
646000,3.0,2.0,82.0,Gracia
441900,2.0,2.0,77.0,Gracia
297500,3.0,2.0,57.0,Gracia
339000,3.0,1.0,70.0,Gracia
280000,2.0,1.0,51.0,Gracia
500000,3.0,2.0,121.0,Gracia
380000,3.0,2.0,80.0,Gracia
295000,3.0,1.0,82.0,Gracia
380000,3.0,2.0,80.0,Gracia
320000,3.0,1.0,86.0,Gracia
175000,1.0,1.0,48.0,Gracia
490000,2.0,2.0,104.0,Gracia
215000,2.0,1.0,50.0,Gracia
115000,2.0,1.0,50.0,Gracia
269000,3.0,1.0,65.0,Gracia
399000,3.0,2.0,78.0,Gracia
215000,2.0,1.0,50.0,Gracia
197000,2.0,1.0,50.0,Gracia
115000,1.0,,,Gracia
235000,1.0,2.0,65.0,Gracia
297500,3.0,2.0,57.0,Gracia
197000,2.0,1.0,63.0,Gracia
320000,2.0,1.0,53.0,Gracia
199000,3.0,1.0,58.0,Gracia
389000,2.0,2.0,104.0,Gracia
365000,2.0,1.0,60.0,Gracia
950000,3.0,2.0,130.0,Gracia
115000,1.0,,,Gracia
215000,2.0,1.0,50.0,Gracia
425000,2.0,1.0,84.0,Gracia
320000,1.0,1.0,,Gracia
345000,2.0,2.0,74.0,Gracia
498000,5.0,2.0,127.0,Gracia
505000,3.0,2.0,92.0,Gracia
377000,4.0,1.0,108.0,Gracia
215000,2.0,1.0,50.0,Gracia
425000,4.0,2.0,88.0,Gracia
320000,1.0,1.0,130.0,Gracia
740000,3.0,2.0,120.0,Gracia
380000,3.0,2.0,72.0,Gracia
698000,3.0,2.0,135.0,Gracia
630000,3.0,2.0,185.0,Gracia
1170000,3.0,2.0,157.0,Gracia
630000,3.0,2.0,132.0,Gracia
380000,3.0,2.0,80.0,Gracia
339000,3.0,1.0,70.0,Gracia
850000,5.0,3.0,221.0,Gracia
890000,4.0,2.0,186.0,Gracia
1080000,5.0,3.0,230.0,Gracia
498000,2.0,1.0,60.0,Gracia
498000,5.0,2.0,141.0,Gracia
630000,3.0,2.0,185.0,Gracia
1080000,3.0,2.0,177.0,Gracia
320000,1.0,1.0,130.0,Gracia
354000,3.0,2.0,85.0,Gracia
215000,1.0,1.0,44.0,Gracia
380000,3.0,2.0,80.0,Gracia
330000,3.0,1.0,75.0,Gracia
175000,3.0,1.0,63.0,Gracia
159000,1.0,,,Gracia
430000,2.0,1.0,70.0,Gracia
445000,3.0,1.0,84.0,Gracia
475000,2.0,2.0,150.0,Gracia
215000,3.0,1.0,100.0,Gracia
197000,2.0,1.0,63.0,Gracia
1700000,5.0,4.0,312.0,Gracia
1350000,5.0,2.0,260.0,Gracia
360000,2.0,1.0,95.0,Gracia
380000,3.0,2.0,80.0,Gracia
698000,3.0,2.0,143.0,Gracia
239000,2.0,1.0,63.0,Gracia
830000,2.0,3.0,132.0,Gracia
1795000,6.0,6.0,433.0,Gracia
1055000,3.0,2.0,158.0,Gracia
197000,2.0,1.0,63.0,Gracia
450000,3.0,2.0,90.0,Gracia
457000,5.0,2.0,81.0,Gracia
626000,3.0,2.0,82.0,Gracia
475000,2.0,1.0,107.0,Gracia
1195000,2.0,3.0,242.0,Gracia
2300000,4.0,5.0,260.0,Gracia
498000,4.0,2.0,102.0,Gracia
444200,2.0,1.0,103.0,Gracia
450900,2.0,1.0,103.0,Gracia
160000,3.0,1.0,74.0,Gracia
315000,3.0,1.0,99.0,Gracia
319000,1.0,1.0,60.0,Gracia
512259,3.0,2.0,85.0,Gracia
215000,2.0,1.0,50.0,Gracia
297500,3.0,2.0,52.0,Gracia
225000,4.0,2.0,100.0,Gracia
197000,2.0,1.0,63.0,Gracia
380000,3.0,2.0,80.0,Gracia
380000,3.0,2.0,80.0,Gracia
498000,5.0,2.0,141.0,Gracia
197000,2.0,1.0,65.0,Gracia
498000,4.0,2.0,141.0,Gracia
380000,3.0,2.0,80.0,Gracia
398000,3.0,2.0,80.0,Gracia
2500000,5.0,3.0,258.0,Gracia
270000,3.0,2.0,74.0,Gracia
336000,2.0,1.0,64.0,Gracia
550000,2.0,,,Gracia
1055000,3.0,2.0,160.0,Gracia
380000,3.0,2.0,80.0,Gracia
169000,3.0,1.0,69.0,Gracia
232000,2.0,,,Gracia
950000,4.0,2.0,160.0,Gracia
502000,1.0,,,Gracia
298000,2.0,1.0,53.0,Gracia
279990,2.0,1.0,56.0,Gracia
325000,3.0,2.0,82.0,Gracia
300000,2.0,1.0,80.0,Gracia
245000,1.0,1.0,42.0,Gracia
330000,3.0,2.0,86.0,Gracia
107000,1.0,,,Gracia
197000,2.0,1.0,63.0,Gracia
250000,1.0,1.0,41.0,Gracia
109000,1.0,,,Gracia
140000,3.0,1.0,59.0,Gracia
450000,4.0,2.0,125.0,Gracia
279000,2.0,1.0,58.0,Gracia
498000,5.0,2.0,141.0,Gracia
446300,2.0,1.0,103.0,Gracia
389800,2.0,1.0,90.0,Gracia
503000,2.0,1.0,101.0,Gracia
453400,3.0,2.0,104.0,Gracia
394500,3.0,2.0,86.0,Gracia
422600,3.0,2.0,96.0,Gracia
469000,3.0,2.0,102.0,Gracia
490000,2.0,2.0,104.0,Gracia
250000,2.0,4.0,89.0,Gracia
280000,3.0,1.0,70.0,Gracia
630000,3.0,2.0,135.0,Gracia
405000,3.0,2.0,115.0,Gracia
730000,4.0,2.0,130.0,Gracia
498000,5.0,2.0,141.0,Gracia
480000,4.0,3.0,285.0,Gracia
215000,2.0,1.0,50.0,Gracia
457000,4.0,2.0,74.0,Gracia
930000,4.0,1.0,128.0,Gracia
199000,3.0,1.0,72.0,Gracia
359000,2.0,2.0,100.0,Gracia
710000,3.0,2.0,117.0,Gracia
675000,3.0,2.0,135.0,Gracia
299630,1.0,1.0,51.0,Gracia
345000,1.0,1.0,66.0,Gracia
498000,5.0,2.0,141.0,Gracia
320000,4.0,1.0,86.0,Gracia
349000,3.0,2.0,9.0,Gracia
295000,3.0,1.0,89.0,Gracia
232000,2.0,1.0,57.0,Gracia
370000,3.0,1.0,82.0,Gracia
195000,3.0,2.0,100.0,Gracia
140000,2.0,1.0,50.0,Gracia
380000,,,,Gracia
215000,2.0,1.0,50.0,Gracia
750000,3.0,4.0,175.0,Gracia
615000,1.0,1.0,104.0,Gracia
340000,3.0,1.0,82.0,Gracia
215000,1.0,1.0,43.0,Gracia
299500,2.0,2.0,78.0,Gracia
127000,2.0,1.0,68.0,Gracia
186500,1.0,1.0,51.0,Gracia
472000,1.0,1.0,,Gracia
310000,3.0,2.0,97.0,Gracia
320000,4.0,1.0,86.0,Gracia
350000,4.0,1.0,103.0,Gracia
240000,3.0,1.0,71.0,Gracia
350000,2.0,1.0,56.0,Gracia
330000,3.0,2.0,86.0,Gracia
276000,3.0,1.0,71.0,Gracia
315000,3.0,1.0,90.0,Gracia
320000,2.0,1.0,120.0,Gracia
1550000,6.0,5.0,283.0,Gracia
369900,3.0,2.0,106.0,Gracia
498000,5.0,2.0,141.0,Gracia
561000,2.0,1.0,192.0,Gracia
380000,3.0,1.0,90.0,Gracia
390000,3.0,1.0,81.0,Gracia
498000,5.0,2.0,141.0,Gracia
319000,3.0,2.0,60.0,Gracia
830000,2.0,3.0,132.0,Gracia
280000,3.0,1.0,70.0,Gracia
245000,1.0,1.0,42.0,Gracia
235000,4.0,1.0,70.0,Gracia
398000,3.0,2.0,80.0,Gracia
445000,2.0,2.0,84.0,Gracia
297500,3.0,2.0,57.0,Gracia
265000,4.0,1.0,87.0,Gracia
260000,3.0,1.0,65.0,Gracia
215000,2.0,1.0,50.0,Gracia
260000,1.0,1.0,51.0,Gracia
215000,2.0,1.0,50.0,Gracia
298000,2.0,1.0,53.0,Gracia
380000,2.0,2.0,77.0,Gracia
950000,3.0,2.0,158.0,Gracia
232000,2.0,1.0,57.0,Gracia
169000,2.0,1.0,68.0,Gracia
380000,3.0,1.0,90.0,Gracia
380000,3.0,2.0,80.0,Gracia
480000,4.0,3.0,108.0,Gracia
380000,4.0,2.0,90.0,Gracia
297500,3.0,2.0,57.0,Gracia
330000,3.0,1.0,73.0,Gracia
339000,3.0,1.0,70.0,Gracia
200000,1.0,1.0,48.0,Gracia
320000,4.0,1.0,86.0,Gracia
380000,3.0,2.0,72.0,Gracia
297500,3.0,2.0,57.0,Gracia
495000,4.0,2.0,145.0,Gracia
339000,3.0,2.0,117.0,Gracia
232000,2.0,,,Gracia
649000,5.0,3.0,175.0,Gracia
198000,3.0,1.0,76.0,Gracia
650000,5.0,2.0,184.0,Gracia
300000,3.0,1.0,68.0,Gracia
275000,4.0,1.0,80.0,Gracia
1190000,5.0,2.0,266.0,Gracia
389000,2.0,1.0,104.0,Gracia
320000,2.0,1.0,86.0,Gracia
235000,1.0,1.0,45.0,Gracia
440000,4.0,2.0,137.0,Gracia
169000,1.0,1.0,40.0,Gracia
380000,3.0,2.0,80.0,Gracia
299500,2.0,2.0,80.0,Gracia
573000,3.0,2.0,109.0,Gracia
488000,3.0,2.0,106.0,Gracia
498000,3.0,2.0,109.0,Gracia
553000,3.0,2.0,122.0,Gracia
498000,3.0,2.0,106.0,Gracia
523000,3.0,2.0,109.0,Gracia
543000,3.0,2.0,109.0,Gracia
258700,2.0,2.0,66.0,Gracia
553000,3.0,2.0,106.0,Gracia
490000,2.0,2.0,91.0,Gracia
543000,3.0,2.0,111.0,Gracia
433000,2.0,2.0,91.0,Gracia
215000,2.0,1.0,50.0,Gracia
745000,4.0,3.0,140.0,Gracia
215000,2.0,1.0,50.0,Gracia
429000,2.0,1.0,70.0,Gracia
1950000,3.0,3.0,131.0,Gracia
199000,3.0,1.0,72.0,Gracia
330000,3.0,1.0,73.0,Gracia
299500,2.0,2.0,78.0,Gracia
250000,1.0,,,Gracia
245000,1.0,,,Gracia
230000,1.0,,,Gracia
695000,2.0,2.0,141.0,Gracia
395000,3.0,2.0,115.0,Gracia
430000,1.0,1.0,70.0,Gracia
197000,1.0,1.0,63.0,Gracia
250000,2.0,1.0,70.0,Gracia
490000,2.0,2.0,205.0,Gracia
1080000,2.0,1.0,,Gracia
220000,4.0,1.0,80.0,Gracia
399000,3.0,2.0,78.0,Gracia
339000,3.0,1.0,70.0,Gracia
320000,4.0,1.0,86.0,Gracia
820000,3.0,2.0,205.0,Gracia
197000,2.0,1.0,63.0,Gracia
235000,1.0,,,Gracia
399000,2.0,1.0,80.0,Gracia
1000000,8.0,2.0,230.0,Gracia
89000,1.0,,,Gracia
269000,3.0,1.0,65.0,Gracia
380000,3.0,2.0,72.0,Gracia
215000,2.0,1.0,50.0,Gracia
104000,2.0,1.0,50.0,Gracia
95000,1.0,1.0,33.0,Gracia
995000,4.0,3.0,160.0,Gracia
440000,4.0,2.0,99.0,Gracia
1060000,2.0,2.0,87.0,Gracia
389000,2.0,2.0,119.0,Gracia
168000,3.0,1.0,78.0,Gracia
1060000,2.0,2.0,101.0,Gracia
115000,1.0,,,Gracia
249700,,,,Gracia
375000,4.0,1.0,90.0,Gracia
820000,5.0,4.0,157.0,Gracia
245000,1.0,1.0,42.0,Gracia
195000,3.0,1.0,65.0,Gracia
704500,2.0,2.0,141.0,Gracia
1340000,2.0,2.0,166.0,Gracia
490000,2.0,2.0,104.0,Gracia
120000,1.0,,,Gracia
245000,1.0,1.0,42.0,Gracia
330000,3.0,1.0,82.0,Gracia
460000,5.0,2.0,145.0,Gracia
1050000,5.0,3.0,291.0,Gracia
330000,3.0,2.0,86.0,Gracia
380000,3.0,1.0,90.0,Gracia
360000,2.0,1.0,94.0,Gracia
330000,3.0,2.0,85.0,Gracia
626000,3.0,2.0,82.0,Gracia
696000,3.0,3.0,120.0,Gracia
455000,3.0,2.0,82.0,Gracia
502000,1.0,1.0,,Gracia
380000,3.0,2.0,80.0,Gracia
380000,3.0,2.0,80.0,Gracia
235000,3.0,1.0,60.0,Gracia
380000,3.0,2.0,80.0,Gracia
480000,4.0,2.0,140.0,Gracia
595000,8.0,5.0,390.0,Gracia
319500,4.0,2.0,156.0,Gracia
490000,4.0,2.0,102.0,Gracia
136000,2.0,1.0,58.0,Gracia
1000000,4.0,2.0,180.0,Gracia
230000,3.0,2.0,92.0,Gracia
395000,4.0,1.0,96.0,Gracia
159000,3.0,1.0,74.0,Gracia
320000,4.0,1.0,86.0,Gracia
380000,,,,Gracia
390000,3.0,2.0,81.0,Gracia
215000,3.0,1.0,50.0,Gracia
197000,2.0,1.0,63.0,Gracia
320000,4.0,1.0,86.0,Gracia
320000,1.0,1.0,130.0,Gracia
380000,3.0,2.0,80.0,Gracia
269000,3.0,1.0,58.0,Gracia
135000,,,,Gracia
139000,3.0,1.0,62.0,Gracia
315000,2.0,1.0,73.0,Gracia
272000,3.0,1.0,71.0,Gracia
498000,5.0,2.0,141.0,Gracia
325000,1.0,1.0,53.0,Gracia
198000,2.0,1.0,62.0,Gracia
515000,1.0,1.0,73.0,Gracia
930000,4.0,1.0,180.0,Gracia
595000,3.0,2.0,127.0,Gracia
315000,3.0,1.0,90.0,Gracia
219000,4.0,1.0,80.0,Gracia
325000,3.0,2.0,85.0,Gracia
169000,2.0,1.0,47.0,Gracia
225000,4.0,2.0,100.0,Gracia
232000,2.0,1.0,57.0,Gracia
370000,3.0,2.0,82.0,Gracia
175000,3.0,1.0,63.0,Gracia
195000,3.0,1.0,66.0,Gracia
389400,2.0,1.0,90.0,Gracia
395000,4.0,1.0,96.0,Gracia
380000,3.0,1.0,90.0,Gracia
320000,4.0,1.0,86.0,Gracia
225000,3.0,1.0,58.0,Gracia
380000,3.0,2.0,80.0,Gracia
472414,1.0,1.0,,Gracia
510000,3.0,2.0,112.0,Gracia
180000,2.0,1.0,70.0,Gracia
220000,3.0,1.0,78.0,Gracia
260000,3.0,1.0,82.0,Gracia
320000,3.0,1.0,120.0,Gracia
232000,2.0,1.0,57.0,Gracia
130000,1.0,1.0,30.0,Gracia
398000,3.0,2.0,80.0,Gracia
316500,2.0,2.0,65.0,Gracia
230000,3.0,1.0,45.0,Gracia
320000,4.0,2.0,156.0,Gracia
949000,4.0,2.0,128.0,Gracia
289900,3.0,1.0,75.0,Gracia
338000,4.0,2.0,97.0,Gracia
495000,4.0,2.0,102.0,Gracia
640000,2.0,2.0,104.0,Gracia
420000,3.0,1.0,86.0,Gracia
289900,3.0,1.0,78.0,Gracia
195000,3.0,2.0,100.0,Gracia
330000,3.0,2.0,86.0,Gracia
159000,3.0,1.0,74.0,Gracia
220000,3.0,,,Gracia
197000,2.0,1.0,63.0,Gracia
150000,3.0,1.0,54.0,Gracia
470000,3.0,2.0,121.0,Gracia
526000,3.0,2.0,110.0,Gracia
370000,2.0,1.0,72.0,Gracia
395000,3.0,2.0,91.0,Gracia
169000,3.0,1.0,68.0,Gracia
315000,3.0,2.0,70.0,Gracia
698000,3.0,2.0,120.0,Gracia
312000,2.0,1.0,61.0,Gracia
260000,3.0,2.0,81.0,Gracia
355000,4.0,1.0,88.0,Gracia
330000,3.0,1.0,82.0,Gracia
215000,1.0,1.0,43.0,Gracia
363600,4.0,2.0,92.0,Gracia
275000,3.0,2.0,82.0,Gracia
220000,3.0,2.0,80.0,Gracia
190000,3.0,1.0,61.0,Gracia
430000,3.0,2.0,112.0,Gracia
998000,4.0,2.0,,Gracia
197000,2.0,1.0,60.0,Gracia
375000,1.0,1.0,87.0,Gracia
1340000,2.0,2.0,212.0,Gracia
230000,1.0,,,Gracia
319000,3.0,1.0,94.0,Gracia
695000,2.0,2.0,157.0,Gracia
740000,5.0,4.0,157.0,Gracia
320000,3.0,1.0,75.0,Gracia
481052,3.0,2.0,119.0,Gracia
355000,4.0,1.0,88.0,Gracia
220000,3.0,2.0,80.0,Gracia
399000,2.0,1.0,76.0,Gracia
1985000,6.0,6.0,567.0,Gracia
290000,2.0,2.0,63.0,Gracia
450000,2.0,1.0,92.0,Gracia
370000,2.0,1.0,72.0,Gracia
650000,4.0,2.0,91.0,Gracia
232000,2.0,1.0,60.0,Gracia
437000,2.0,1.0,98.0,Gracia
645000,3.0,1.0,103.0,Gracia
498000,5.0,2.0,141.0,Gracia
445000,2.0,2.0,84.0,Gracia
445000,2.0,1.0,84.0,Gracia
345000,1.0,1.0,50.0,Gracia
329000,3.0,2.0,82.0,Gracia
475000,3.0,2.0,82.0,Gracia
179000,3.0,1.0,36.0,Gracia
330000,3.0,2.0,77.0,Gracia
240000,2.0,2.0,1.0,Gracia
520000,2.0,2.0,89.0,Gracia
339000,3.0,1.0,70.0,Gracia
400000,3.0,2.0,140.0,Gracia
1150000,3.0,2.0,163.0,Gracia
450000,3.0,2.0,110.0,Gracia
130000,1.0,1.0,38.0,Gracia
380000,2.0,1.0,65.0,Gracia
350000,3.0,2.0,86.0,Gracia
365000,2.0,1.0,81.0,Gracia
335000,3.0,1.0,60.0,Gracia
145000,3.0,1.0,59.0,Gracia
345000,3.0,1.0,73.0,Gracia
320000,2.0,1.0,104.0,Gracia
690000,2.0,2.0,157.0,Gracia
423600,3.0,3.0,96.0,Gracia
475000,4.0,3.0,260.0,Gracia
780000,6.0,3.0,172.0,Gracia
320000,4.0,1.0,86.0,Gracia
646000,3.0,2.0,84.0,Gracia
330000,2.0,1.0,57.0,Gracia
375000,2.0,2.0,114.0,Gracia
339000,3.0,2.0,127.0,Gracia
245000,1.0,2.0,42.0,Gracia
320000,3.0,1.0,75.0,Gracia
180000,2.0,1.0,75.0,Gracia
395000,2.0,2.0,160.0,Gracia
169000,3.0,1.0,69.0,Gracia
195000,2.0,1.0,79.0,Gracia
260000,3.0,1.0,75.0,Gracia
745000,6.0,2.0,140.0,Gracia
330000,3.0,1.0,81.0,Gracia
345000,3.0,1.0,81.0,Gracia
350000,2.0,1.0,68.0,Gracia
300000,2.0,1.0,60.0,Gracia
189000,1.0,1.0,50.0,Gracia
450000,3.0,2.0,110.0,Gracia
120000,1.0,1.0,45.0,Gracia
180000,1.0,1.0,42.0,Gracia
389000,2.0,2.0,104.0,Gracia
240000,3.0,2.0,71.0,Gracia
252000,2.0,1.0,50.0,Gracia
528000,2.0,2.0,105.0,Gracia
410000,4.0,2.0,110.0,Gracia
280000,3.0,1.0,76.0,Gracia
330000,4.0,2.0,112.0,Gracia
315000,3.0,1.0,65.0,Gracia
549000,3.0,3.0,148.0,Gracia
270000,3.0,1.0,70.0,Gracia
350000,3.0,1.0,72.0,Gracia
320000,4.0,1.0,85.0,Gracia
179000,3.0,1.0,70.0,Gracia
A consult,10.0,10.0,1000.0,Gracia
334900,3.0,1.0,76.0,Gracia
345000,3.0,1.0,73.0,Gracia
775000,4.0,2.0,169.0,Gracia
1340000,2.0,2.0,166.0,Gracia
365000,2.0,1.0,81.0,Gracia
1950000,8.0,10.0,490.0,Gracia
1650000,5.0,2.0,214.0,Gracia
1200000,3.0,3.0,200.0,Gracia
479000,2.0,1.0,65.0,Gracia
1120000,5.0,3.0,244.0,Gracia
318000,2.0,1.0,68.0,Gracia
595000,5.0,5.0,115.0,Gracia
180000,1.0,1.0,40.0,Gracia
330000,3.0,1.0,75.0,Gracia
235000,1.0,1.0,50.0,Gracia
460000,3.0,2.0,114.0,Gracia
850000,5.0,3.0,269.0,Gracia
690000,3.0,3.0,120.0,Gracia
435000,2.0,2.0,63.0,Gracia
465189,2.0,2.0,99.0,Gracia
437320,2.0,2.0,82.0,Gracia
439000,2.0,2.0,65.0,Gracia
512505,2.0,2.0,99.0,Gracia
197000,2.0,1.0,63.0,Gracia
360000,3.0,1.0,74.0,Gracia
258700,2.0,,,Gracia
118000,2.0,1.0,156.0,Gracia
A consult,10.0,9.0,,Gracia
350000,4.0,2.0,90.0,Gracia
375000,3.0,2.0,85.0,Gracia
595000,3.0,2.0,109.0,Gracia
195000,3.0,2.0,66.0,Gracia
370000,4.0,4.0,121.0,Gracia
550000,1.0,1.0,114.0,Gracia
230000,3.0,1.0,74.0,Sant Andreu
279990,4.0,2.0,78.0,Sant Andreu
102500,1.0,1.0,45.0,Sant Andreu
229990,3.0,1.0,84.0,Sant Andreu
80000,3.0,1.0,57.0,Sant Andreu
380000,5.0,2.0,135.0,Sant Andreu
450000,3.0,2.0,98.0,Sant Andreu
154900,3.0,1.0,64.0,Sant Andreu
198000,2.0,1.0,65.0,Sant Andreu
233300,4.0,1.0,77.0,Sant Andreu
132000,3.0,1.0,70.0,Sant Andreu
218000,3.0,1.0,70.0,Sant Andreu
220000,3.0,1.0,74.0,Sant Andreu
419000,3.0,2.0,120.0,Sant Andreu
365000,3.0,2.0,105.0,Sant Andreu
330000,2.0,1.0,177.0,Sant Andreu
169000,2.0,1.0,61.0,Sant Andreu
169900,3.0,1.0,70.0,Sant Andreu
235000,3.0,1.0,69.0,Sant Andreu
219000,3.0,1.0,67.0,Sant Andreu
103000,1.0,1.0,48.0,Sant Andreu
440000,3.0,2.0,107.0,Sant Andreu
445000,2.0,2.0,90.0,Sant Andreu
220000,3.0,1.0,68.0,Sant Andreu
196000,3.0,1.0,55.0,Sant Andreu
443500,2.0,2.0,78.0,Sant Andreu
236000,3.0,1.0,84.0,Sant Andreu
580000,3.0,3.0,146.0,Sant Andreu
150000,2.0,1.0,59.0,Sant Andreu
570000,5.0,2.0,230.0,Sant Andreu
249000,2.0,1.0,70.0,Sant Andreu
585000,4.0,2.0,222.0,Sant Andreu
248000,2.0,1.0,72.0,Sant Andreu
255000,3.0,1.0,75.0,Sant Andreu
320000,3.0,2.0,96.0,Sant Andreu
135000,3.0,1.0,51.0,Sant Andreu
498000,4.0,2.0,120.0,Sant Andreu
365000,4.0,2.0,98.0,Sant Andreu
269000,4.0,1.0,100.0,Sant Andreu
95000,2.0,1.0,53.0,Sant Andreu
165000,2.0,1.0,40.0,Sant Andreu
159900,3.0,1.0,65.0,Sant Andreu
380000,4.0,2.0,96.0,Sant Andreu
340000,3.0,2.0,95.0,Sant Andreu
189000,3.0,1.0,57.0,Sant Andreu
154900,3.0,1.0,64.0,Sant Andreu
129900,3.0,1.0,72.0,Sant Andreu
450000,2.0,,,Sant Andreu
295000,3.0,2.0,104.0,Sant Andreu
205000,2.0,1.0,63.0,Sant Andreu
380000,3.0,2.0,83.0,Sant Andreu
288000,3.0,2.0,85.0,Sant Andreu
197000,3.0,1.0,55.0,Sant Andreu
390000,3.0,2.0,104.0,Sant Andreu
239000,3.0,2.0,103.0,Sant Andreu
115000,3.0,1.0,50.0,Sant Andreu
215000,2.0,1.0,63.0,Sant Andreu
155000,2.0,1.0,77.0,Sant Andreu
195000,2.0,1.0,63.0,Sant Andreu
215000,3.0,2.0,59.0,Sant Andreu
365000,3.0,2.0,116.0,Sant Andreu
260000,3.0,1.0,113.0,Sant Andreu
189500,1.0,1.0,40.0,Sant Andreu
289000,3.0,1.0,81.0,Sant Andreu
229500,2.0,1.0,80.0,Sant Andreu
227000,3.0,1.0,75.0,Sant Andreu
255000,3.0,2.0,140.0,Sant Andreu
205000,2.0,1.0,74.0,Sant Andreu
195000,2.0,1.0,65.0,Sant Andreu
269000,3.0,2.0,70.0,Sant Andreu
202000,3.0,1.0,80.0,Sant Andreu
202000,3.0,1.0,80.0,Sant Andreu
360000,3.0,2.0,77.0,Sant Andreu
188600,3.0,1.0,80.0,Sant Andreu
235000,3.0,1.0,73.0,Sant Andreu
123900,3.0,1.0,76.0,Sant Andreu
126900,3.0,1.0,65.0,Sant Andreu
225000,2.0,1.0,79.0,Sant Andreu
606000,4.0,2.0,130.0,Sant Andreu
385000,2.0,1.0,85.0,Sant Andreu
379500,4.0,2.0,112.0,Sant Andreu
320000,1.0,1.0,75.0,Sant Andreu
310000,3.0,1.0,91.0,Sant Andreu
330000,3.0,1.0,73.0,Sant Andreu
259000,2.0,1.0,85.0,Sant Andreu
155000,2.0,1.0,69.0,Sant Andreu
360000,3.0,2.0,77.0,Sant Andreu
135000,3.0,1.0,51.0,Sant Andreu
108000,3.0,1.0,58.0,Sant Andreu
217000,3.0,1.0,67.0,Sant Andreu
145000,2.0,1.0,58.0,Sant Andreu
106000,2.0,1.0,50.0,Sant Andreu
129000,3.0,1.0,61.0,Sant Andreu
219000,3.0,1.0,70.0,Sant Andreu
215000,3.0,1.0,67.0,Sant Andreu
159500,3.0,1.0,70.0,Sant Andreu
240000,2.0,1.0,70.0,Sant Andreu
350000,3.0,1.0,100.0,Sant Andreu
350000,3.0,1.0,100.0,Sant Andreu
350000,3.0,1.0,100.0,Sant Andreu
210000,2.0,1.0,72.0,Sant Andreu
84800,3.0,1.0,63.0,Sant Andreu
177133,3.0,1.0,79.0,Sant Andreu
225000,2.0,1.0,68.0,Sant Andreu
133000,1.0,1.0,78.0,Sant Andreu
265000,4.0,1.0,83.0,Sant Andreu
185000,1.0,1.0,61.0,Sant Andreu
125000,2.0,1.0,54.0,Sant Andreu
75000,1.0,1.0,34.0,Sant Andreu
175000,3.0,1.0,60.0,Sant Andreu
208000,3.0,1.0,40.0,Sant Andreu
320000,1.0,1.0,60.0,Sant Andreu
255000,4.0,2.0,85.0,Sant Andreu
498000,3.0,2.0,104.0,Sant Andreu
315000,3.0,1.0,130.0,Sant Andreu
205000,3.0,1.0,72.0,Sant Andreu
443500,2.0,2.0,131.0,Sant Andreu
135000,3.0,1.0,51.0,Sant Andreu
444420,3.0,2.0,89.0,Sant Andreu
95000,3.0,1.0,60.0,Sant Andreu
425000,3.0,2.0,77.0,Sant Andreu
443500,3.0,2.0,92.0,Sant Andreu
420000,3.0,2.0,104.0,Sant Andreu
260000,4.0,2.0,95.0,Sant Andreu
385000,3.0,3.0,150.0,Sant Andreu
567000,4.0,2.0,190.0,Sant Andreu
281900,3.0,2.0,82.0,Sant Andreu
235000,1.0,1.0,,Sant Andreu
399990,4.0,2.0,110.0,Sant Andreu
295000,3.0,2.0,110.0,Sant Andreu
349990,4.0,2.0,82.0,Sant Andreu
205000,3.0,1.0,67.0,Sant Andreu
310000,3.0,1.0,90.0,Sant Andreu
239500,1.0,1.0,66.0,Sant Andreu
178000,3.0,1.0,59.0,Sant Andreu
55500,2.0,1.0,74.0,Sant Andreu
225000,3.0,2.0,70.0,Sant Andreu
105000,3.0,1.0,65.0,Sant Andreu
150000,2.0,1.0,55.0,Sant Andreu
353000,4.0,2.0,100.0,Sant Andreu
380000,4.0,2.0,100.0,Sant Andreu
295000,2.0,2.0,85.0,Sant Andreu
125000,2.0,1.0,54.0,Sant Andreu
134500,3.0,1.0,63.0,Sant Andreu
199500,2.0,1.0,53.0,Sant Andreu
249000,4.0,2.0,96.0,Sant Andreu
195000,3.0,1.0,59.0,Sant Andreu
290000,3.0,1.0,79.0,Sant Andreu
269000,3.0,2.0,97.0,Sant Andreu
435680,3.0,2.0,89.0,Sant Andreu
256000,3.0,1.0,84.0,Sant Andreu
370000,4.0,2.0,120.0,Sant Andreu
375543,2.0,1.0,74.0,Sant Andreu
260000,3.0,1.0,72.0,Sant Andreu
360000,2.0,2.0,73.0,Sant Andreu
227000,3.0,1.0,75.0,Sant Andreu
489987,4.0,2.0,109.0,Sant Andreu
287000,3.0,1.0,75.0,Sant Andreu
269950,2.0,1.0,64.0,Sant Andreu
350000,4.0,,,Sant Andreu
218000,3.0,1.0,64.0,Sant Andreu
179000,3.0,2.0,135.0,Sant Andreu
198000,1.0,2.0,65.0,Sant Andreu
295000,1.0,1.0,57.0,Sant Andreu
240000,2.0,2.0,76.0,Sant Andreu
240000,2.0,2.0,76.0,Sant Andreu
150000,2.0,1.0,48.0,Sant Andreu
106000,2.0,1.0,50.0,Sant Andreu
380000,3.0,2.0,83.0,Sant Andreu
170000,3.0,2.0,161.0,Sant Andreu
156000,2.0,1.0,48.0,Sant Andreu
190000,3.0,1.0,78.0,Sant Andreu
198000,2.0,1.0,72.0,Sant Andreu
325000,4.0,2.0,104.0,Sant Andreu
159900,1.0,1.0,50.0,Sant Andreu
247000,1.0,1.0,52.0,Sant Andreu
120000,3.0,1.0,68.0,Sant Andreu
249000,3.0,1.0,71.0,Sant Andreu
119000,4.0,1.0,61.0,Sant Andreu
150000,3.0,1.0,74.0,Sant Andreu
115500,2.0,1.0,76.0,Sant Andreu
224000,2.0,1.0,82.0,Sant Andreu
375543,2.0,1.0,74.0,Sant Andreu
140000,3.0,2.0,75.0,Sant Andreu
446500,3.0,2.0,104.0,Sant Andreu
550000,6.0,2.0,,Sant Andreu
189000,2.0,1.0,62.0,Sant Andreu
360000,3.0,2.0,77.0,Sant Andreu
141000,2.0,1.0,46.0,Sant Andreu
138000,3.0,1.0,64.0,Sant Andreu
330000,3.0,2.0,88.0,Sant Andreu
245000,3.0,1.0,76.0,Sant Andreu
498000,3.0,2.0,143.0,Sant Andreu
110000,2.0,1.0,52.0,Sant Andreu
235000,1.0,,,Sant Andreu
98000,3.0,1.0,65.0,Sant Andreu
154500,3.0,1.0,67.0,Sant Andreu
452500,3.0,2.0,105.0,Sant Andreu
350000,2.0,1.0,61.0,Sant Andreu
135000,3.0,1.0,51.0,Sant Andreu
350000,4.0,2.0,90.0,Sant Andreu
99000,3.0,1.0,58.0,Sant Andreu
230000,3.0,1.0,71.0,Sant Andreu
329000,4.0,1.0,91.0,Sant Andreu
295000,2.0,2.0,110.0,Sant Andreu
179000,3.0,2.0,97.0,Sant Andreu
178400,3.0,1.0,66.0,Sant Andreu
230000,3.0,1.0,74.0,Sant Andreu
135000,3.0,1.0,51.0,Sant Andreu
230000,3.0,1.0,79.0,Sant Andreu
163000,3.0,1.0,77.0,Sant Andreu
218000,3.0,1.0,68.0,Sant Andreu
325000,3.0,2.0,109.0,Sant Andreu
68400,3.0,1.0,83.0,Sant Andreu
230000,3.0,1.0,74.0,Sant Andreu
395000,3.0,2.0,90.0,Sant Andreu
485000,3.0,2.0,96.0,Sant Andreu
360000,4.0,2.0,160.0,Sant Andreu
350000,2.0,1.0,60.0,Sant Andreu
218000,3.0,1.0,85.0,Sant Andreu
285000,3.0,1.0,84.0,Sant Andreu
198000,3.0,1.0,60.0,Sant Andreu
290000,3.0,2.0,79.0,Sant Andreu
290000,3.0,1.0,79.0,Sant Andreu
199000,2.0,1.0,60.0,Sant Andreu
195000,3.0,1.0,54.0,Sant Andreu
399000,3.0,2.0,132.0,Sant Andreu
299000,3.0,2.0,85.0,Sant Andreu
180000,3.0,1.0,100.0,Sant Andreu
288000,3.0,2.0,76.0,Sant Andreu
290000,3.0,1.0,79.0,Sant Andreu
230000,3.0,1.0,74.0,Sant Andreu
235000,3.0,1.0,72.0,Sant Andreu
260000,3.0,2.0,75.0,Sant Andreu
230000,3.0,1.0,65.0,Sant Andreu
290000,4.0,1.0,85.0,Sant Andreu
135000,3.0,1.0,51.0,Sant Andreu
135000,3.0,1.0,51.0,Sant Andreu
254990,2.0,1.0,82.0,Sant Andreu
227000,3.0,1.0,75.0,Sant Andreu
255000,3.0,1.0,83.0,Sant Andreu
169000,3.0,1.0,85.0,Sant Andreu
395000,3.0,2.0,105.0,Sant Andreu
325000,4.0,2.0,104.0,Sant Andreu
390000,3.0,2.0,106.0,Sant Andreu
395000,3.0,2.0,105.0,Sant Andreu
443500,2.0,2.0,92.0,Sant Andreu
175000,2.0,1.0,48.0,Sant Andreu
177133,3.0,1.0,79.0,Sant Andreu
167000,3.0,1.0,69.0,Sant Andreu
235000,3.0,2.0,70.0,Sant Andreu
154900,3.0,1.0,64.0,Sant Andreu
396000,4.0,2.0,129.0,Sant Andreu
360000,3.0,2.0,93.0,Sant Andreu
177000,3.0,1.0,60.0,Sant Andreu
245000,4.0,2.0,80.0,Sant Andreu
130000,3.0,1.0,72.0,Sant Andreu
160000,2.0,1.0,70.0,Sant Andreu
103500,3.0,1.0,65.0,Sant Andreu
208000,3.0,1.0,40.0,Sant Andreu
135000,3.0,1.0,51.0,Sant Andreu
119500,3.0,1.0,65.0,Sant Andreu
119500,3.0,1.0,65.0,Sant Andreu
150000,3.0,1.0,75.0,Sant Andreu
199500,2.0,1.0,53.0,Sant Andreu
434000,2.0,1.0,81.0,Sant Andreu
458000,3.0,2.0,94.0,Sant Andreu
112000,3.0,1.0,61.0,Sant Andreu
355000,1.0,1.0,60.0,Sant Andreu
275000,4.0,1.0,82.0,Sant Andreu
197000,3.0,1.0,73.0,Sant Andreu
365000,3.0,2.0,116.0,Sant Andreu
335000,4.0,2.0,115.0,Sant Andreu
125000,2.0,1.0,54.0,Sant Andreu
137000,3.0,1.0,65.0,Sant Andreu
219000,3.0,1.0,67.0,Sant Andreu
477500,3.0,2.0,117.0,Sant Andreu
112000,3.0,1.0,61.0,Sant Andreu
550000,10.0,2.0,358.0,Sant Andreu
365000,4.0,2.0,109.0,Sant Andreu
209900,3.0,1.0,69.0,Sant Andreu
115500,2.0,1.0,67.0,Sant Andreu
335000,4.0,2.0,115.0,Sant Andreu
330000,3.0,1.0,73.0,Sant Andreu
122000,3.0,1.0,67.0,Sant Andreu
249000,3.0,2.0,87.0,Sant Andreu
298000,3.0,2.0,91.0,Sant Andreu
419990,4.0,2.0,113.0,Sant Andreu
177000,2.0,1.0,69.0,Sant Andreu
290000,3.0,1.0,69.0,Sant Andreu
110000,3.0,1.0,61.0,Sant Andreu
495000,1.0,1.0,79.0,Sant Andreu
210000,2.0,1.0,64.0,Sant Andreu
452500,3.0,2.0,105.0,Sant Andreu
325000,3.0,2.0,107.0,Sant Andreu
122000,3.0,1.0,46.0,Sant Andreu
98000,3.0,1.0,73.0,Sant Andreu
169000,4.0,1.0,70.0,Sant Andreu
190000,2.0,1.0,79.0,Sant Andreu
133800,4.0,2.0,74.0,Sant Andreu
75000,1.0,1.0,38.0,Sant Andreu
235000,3.0,1.0,80.0,Sant Andreu
353000,4.0,2.0,120.0,Sant Andreu
189000,3.0,1.0,67.0,Sant Andreu
180500,3.0,1.0,73.0,Sant Andreu
120000,3.0,1.0,68.0,Sant Andreu
450000,2.0,1.0,147.0,Sant Andreu
119000,4.0,1.0,61.0,Sant Andreu
70000,1.0,1.0,23.0,Sant Andreu
135000,3.0,1.0,75.0,Sant Andreu
290000,3.0,1.0,79.0,Sant Andreu
235000,1.0,1.0,,Sant Andreu
286000,3.0,3.0,114.0,Sant Andreu
573000,5.0,2.0,220.0,Sant Andreu
467000,3.0,2.0,98.0,Sant Andreu
257000,3.0,1.0,70.0,Sant Andreu
210000,3.0,1.0,64.0,Sant Andreu
133000,1.0,1.0,78.0,Sant Andreu
300000,1.0,,,Sant Andreu
229000,3.0,2.0,103.0,Sant Andreu
156000,2.0,1.0,63.0,Sant Andreu
290000,3.0,1.0,79.0,Sant Andreu
245000,3.0,1.0,65.0,Sant Andreu
260000,1.0,1.0,52.0,Sant Andreu
385000,3.0,1.0,90.0,Sant Andreu
236000,3.0,1.0,85.0,Sant Andreu
360000,4.0,2.0,100.0,Sant Andreu
269000,3.0,2.0,76.0,Sant Andreu
128000,3.0,1.0,57.0,Sant Andreu
115000,3.0,2.0,94.0,Sant Andreu
660000,4.0,2.0,250.0,Sant Andreu
255000,3.0,2.0,140.0,Sant Andreu
226000,4.0,2.0,110.0,Sant Andreu
660000,4.0,2.0,235.0,Sant Andreu
269000,3.0,1.0,69.0,Sant Andreu
230000,3.0,1.0,77.0,Sant Andreu
498000,3.0,2.0,89.0,Sant Andreu
174900,2.0,1.0,50.0,Sant Andreu
290000,3.0,1.0,79.0,Sant Andreu
315000,3.0,1.0,130.0,Sant Andreu
290000,3.0,1.0,79.0,Sant Andreu
525000,3.0,2.0,140.0,Sant Andreu
249000,4.0,2.0,110.0,Sant Andreu
360000,2.0,2.0,100.0,Sant Andreu
124000,4.0,1.0,78.0,Sant Andreu
55100,3.0,1.0,79.0,Sant Andreu
230000,3.0,1.0,74.0,Sant Andreu
223000,4.0,1.0,75.0,Sant Andreu
235000,1.0,1.0,,Sant Andreu
167000,3.0,1.0,70.0,Sant Andreu
185000,2.0,1.0,63.0,Sant Andreu
119000,1.0,1.0,67.0,Sant Andreu
122000,3.0,1.0,65.0,Sant Andreu
245000,3.0,1.0,70.0,Sant Andreu
97600,1.0,,,Sant Andreu
255000,3.0,1.0,59.0,Sant Andreu
210000,3.0,2.0,90.0,Sant Andreu
299100,3.0,2.0,80.0,Sant Andreu
153500,3.0,1.0,58.0,Sant Andreu
545000,3.0,2.0,123.0,Sant Andreu
139000,3.0,1.0,50.0,Sant Andreu
250000,2.0,1.0,51.0,Sant Andreu
289000,4.0,2.0,80.0,Sant Andreu
279000,3.0,1.0,83.0,Sant Andreu
222000,3.0,1.0,70.0,Sant Andreu
257000,3.0,1.0,85.0,Sant Andreu
570000,3.0,3.0,154.0,Sant Andreu
1200000,7.0,5.0,410.0,Sant Andreu
214000,3.0,1.0,72.0,Sant Andreu
140000,1.0,1.0,35.0,Sant Andreu
575000,10.0,2.0,428.0,Sant Andreu
115000,2.0,1.0,50.0,Sant Andreu
285000,3.0,1.0,86.0,Sant Andreu
115000,2.0,1.0,50.0,Sant Andreu
265000,3.0,1.0,73.0,Sant Andreu
105000,3.0,1.0,65.0,Sant Andreu
209800,3.0,1.0,85.0,Sant Andreu
129900,3.0,1.0,72.0,Sant Andreu
229000,3.0,1.0,65.0,Sant Andreu
365000,4.0,2.0,91.0,Sant Andreu
219000,3.0,1.0,65.0,Sant Andreu
189900,2.0,1.0,59.0,Sant Andreu
365000,4.0,2.0,109.0,Sant Andreu
141000,2.0,1.0,46.0,Sant Andreu
310000,3.0,2.0,81.0,Sant Andreu
365000,4.0,2.0,109.0,Sant Andreu
365000,4.0,2.0,109.0,Sant Andreu
245000,2.0,1.0,78.0,Sant Andreu
190000,3.0,1.0,59.0,Sant Andreu
285000,1.0,1.0,57.0,Sant Andreu
495000,3.0,2.0,99.0,Sant Andreu
575000,3.0,3.0,131.0,Sant Andreu
535000,4.0,2.0,111.0,Sant Andreu
545000,3.0,3.0,123.0,Sant Andreu
380000,2.0,2.0,72.0,Sant Andreu
195000,1.0,1.0,40.0,Sant Andreu
149000,,,,Sant Andreu
180500,3.0,1.0,73.0,Sant Andreu
194990,1.0,1.0,45.0,Sant Andreu
449000,4.0,3.0,150.0,Sant Andreu
559000,2.0,2.0,150.0,Sant Andreu
260000,4.0,2.0,81.0,Sant Andreu
250000,3.0,1.0,65.0,Sant Andreu
345000,2.0,1.0,69.0,Sant Andreu
320000,1.0,1.0,60.0,Sant Andreu
199500,2.0,1.0,53.0,Sant Andreu
129900,3.0,1.0,72.0,Sant Andreu
225000,2.0,1.0,68.0,Sant Andreu
380000,3.0,2.0,90.0,Sant Andreu
123000,2.0,1.0,75.0,Sant Andreu
268000,2.0,1.0,54.0,Sant Andreu
115300,2.0,1.0,51.0,Sant Andreu
150000,3.0,1.0,67.0,Sant Andreu
148500,2.0,1.0,46.0,Sant Andreu
122000,3.0,1.0,67.0,Sant Andreu
81900,3.0,1.0,47.0,Sant Andreu
150000,2.0,1.0,72.0,Sant Andreu
205000,4.0,2.0,103.0,Sant Andreu
135000,3.0,1.0,55.0,Sant Andreu
260000,3.0,1.0,72.0,Sant Andreu
147000,3.0,1.0,70.0,Sant Andreu
219000,,,,Sant Andreu
210000,2.0,1.0,55.0,Sant Andreu
245000,1.0,1.0,51.0,Sant Andreu
205000,3.0,1.0,70.0,Sant Andreu
365000,3.0,2.0,90.0,Sant Andreu
139000,2.0,1.0,51.0,Sant Andreu
154100,2.0,1.0,67.0,Sant Andreu
165000,3.0,1.0,52.0,Sant Andreu
103000,1.0,1.0,55.0,Sant Andreu
395000,3.0,2.0,94.0,Sant Andreu
335000,4.0,2.0,115.0,Sant Andreu
96000,3.0,1.0,62.0,Sant Andreu
434000,2.0,1.0,81.0,Sant Andreu
214000,,,,Sant Andreu
410000,4.0,1.0,116.0,Sant Andreu
475000,3.0,2.0,112.0,Sant Andreu
425000,2.0,2.0,90.0,Sant Andreu
239500,1.0,1.0,66.0,Sant Andreu
192000,3.0,1.0,70.0,Sant Andreu
230000,3.0,1.0,74.0,Sant Andreu
123000,3.0,1.0,87.0,Sant Andreu
248000,3.0,2.0,132.0,Sant Andreu
143000,3.0,1.0,60.0,Sant Andreu
96000,3.0,1.0,62.0,Sant Andreu
153500,3.0,1.0,58.0,Sant Andreu
550000,2.0,2.0,105.0,Sant Andreu
118800,4.0,2.0,82.0,Sant Andreu
257500,3.0,1.0,75.0,Sant Andreu
149990,2.0,1.0,77.0,Sant Andreu
135000,3.0,1.0,51.0,Sant Andreu
238000,3.0,1.0,65.0,Sant Andreu
226000,4.0,2.0,110.0,Sant Andreu
299995,4.0,1.0,291.0,Sant Andreu
477500,3.0,2.0,117.0,Sant Andreu
469000,4.0,2.0,110.0,Sant Andreu
123900,3.0,1.0,70.0,Sant Andreu
220000,3.0,1.0,80.0,Sant Andreu
138000,3.0,1.0,64.0,Sant Andreu
190000,2.0,1.0,59.0,Sant Andreu
118800,3.0,2.0,82.0,Sant Andreu
225000,3.0,1.0,76.0,Sant Andreu
260000,,,,Sant Andreu
249000,3.0,1.0,80.0,Sant Andreu
84800,3.0,1.0,149.0,Sant Andreu
102600,3.0,1.0,149.0,Sant Andreu
430000,4.0,3.0,184.0,Sant Andreu
285000,3.0,2.0,80.0,Sant Andreu
95000,3.0,1.0,60.0,Sant Andreu
550000,2.0,2.0,105.0,Sant Andreu
225000,3.0,1.0,70.0,Sant Andreu
289000,4.0,2.0,96.0,Sant Andreu
259000,3.0,1.0,74.0,Sant Andreu
200000,3.0,1.0,82.0,Sant Andreu
265000,2.0,1.0,81.0,Sant Andreu
155000,1.0,1.0,58.0,Sant Andreu
220000,4.0,1.0,72.0,Sant Andreu
222000,3.0,1.0,70.0,Sant Andreu
220000,3.0,1.0,70.0,Sant Andreu
145000,3.0,1.0,72.0,Sant Andreu
246000,2.0,1.0,77.0,Sant Andreu
399000,4.0,2.0,105.0,Sant Andreu
225000,3.0,1.0,107.0,Sant Andreu
310000,2.0,2.0,110.0,Sant Andreu
167000,3.0,1.0,69.0,Sant Andreu
124000,4.0,1.0,78.0,Sant Andreu
319000,3.0,1.0,113.0,Sant Andreu
119500,3.0,1.0,65.0,Sant Andreu
425000,3.0,2.0,77.0,Sant Andreu
195000,2.0,1.0,65.0,Sant Andreu
186000,2.0,1.0,55.0,Sant Andreu
199000,3.0,1.0,79.0,Sant Andreu
189000,2.0,1.0,62.0,Sant Andreu
625000,2.0,2.0,82.0,Sant Andreu
295000,4.0,1.0,110.0,Sant Andreu
92500,3.0,1.0,65.0,Sant Andreu
144500,3.0,1.0,80.0,Sant Andreu
950000,8.0,8.0,600.0,Sant Andreu
154500,3.0,1.0,67.0,Sant Andreu
255000,4.0,1.0,90.0,Sant Andreu
260000,3.0,3.0,75.0,Sant Andreu
144500,3.0,1.0,89.0,Sant Andreu
121000,3.0,1.0,65.0,Sant Andreu
185000,1.0,1.0,60.0,Sant Andreu
195000,3.0,1.0,65.0,Sant Andreu
370000,4.0,2.0,112.0,Sant Andreu
160000,4.0,2.0,87.0,Sant Andreu
122000,3.0,1.0,46.0,Sant Andreu
350000,3.0,2.0,108.0,Sant Andreu
103500,3.0,1.0,65.0,Sant Andreu
370000,3.0,1.0,100.0,Sant Andreu
167000,3.0,1.0,69.0,Sant Andreu
158500,4.0,1.0,71.0,Sant Andreu
208000,2.0,1.0,71.0,Sant Andreu
290000,3.0,1.0,79.0,Sant Andreu
210000,3.0,1.0,74.0,Sant Andreu
320000,1.0,1.0,59.0,Sant Andreu
425000,3.0,2.0,126.0,Sant Andreu
103000,2.0,1.0,66.0,Sant Andreu
239500,2.0,1.0,66.0,Sant Andreu
134000,1.0,1.0,117.0,Sant Andreu
498000,3.0,1.0,146.0,Sant Andreu
189900,4.0,1.0,80.0,Sant Andreu
240000,3.0,2.0,74.0,Sant Andreu
225000,3.0,1.0,68.0,Sant Andreu
219000,3.0,1.0,65.0,Sant Andreu
290000,,,,Sant Andreu
370000,3.0,2.0,100.0,Sant Andreu
498000,5.0,2.0,210.0,Sant Andreu
228500,4.0,1.0,68.0,Sant Andreu
218000,3.0,1.0,70.0,Sant Andreu
220000,3.0,1.0,70.0,Sant Andreu
269000,3.0,1.0,101.0,Sant Andreu
226000,4.0,2.0,110.0,Sant Andreu
123000,2.0,1.0,75.0,Sant Andreu
167000,3.0,1.0,70.0,Sant Andreu
143000,3.0,1.0,60.0,Sant Andreu
230000,3.0,1.0,67.0,Sant Andreu
115500,2.0,1.0,67.0,Sant Andreu
121000,3.0,1.0,65.0,Sant Andreu
163000,2.0,1.0,77.0,Sant Andreu
102500,1.0,1.0,50.0,Sant Andreu
660000,4.0,2.0,290.0,Sant Andreu
119500,3.0,1.0,65.0,Sant Andreu
119500,3.0,1.0,65.0,Sant Andreu
229000,4.0,2.0,130.0,Sant Andreu
215000,3.0,1.0,72.0,Sant Andreu
320000,3.0,2.0,75.0,Sant Andreu
190000,3.0,1.0,78.0,Sant Andreu
230000,3.0,1.0,127.0,Sant Andreu
230000,3.0,2.0,74.0,Sant Andreu
227000,3.0,1.0,75.0,Sant Andreu
255000,3.0,2.0,140.0,Sant Andreu
176000,3.0,1.0,93.0,Sant Andreu
238000,3.0,1.0,76.0,Sant Andreu
123000,2.0,1.0,72.0,Sant Andreu
155000,1.0,1.0,42.0,Sant Andreu
165900,3.0,1.0,54.0,Sant Andreu
115500,3.0,1.0,61.0,Sant Andreu
220000,2.0,1.0,79.0,Sant Andreu
299000,3.0,1.0,90.0,Sant Andreu
285000,4.0,1.0,78.0,Sant Andreu
225000,2.0,1.0,84.0,Sant Andreu
195000,3.0,1.0,62.0,Sant Andreu
310000,3.0,1.0,91.0,Sant Andreu
225000,3.0,1.0,75.0,Sant Andreu
102500,1.0,1.0,50.0,Sant Andreu
253000,3.0,1.0,85.0,Sant Andreu
133000,1.0,1.0,78.0,Sant Andreu
269000,2.0,1.0,75.0,Sant Andreu
243000,3.0,1.0,64.0,Sant Andreu
315000,3.0,1.0,130.0,Sant Andreu
339000,3.0,2.0,104.0,Sant Andreu
85000,3.0,1.0,50.0,Sant Andreu
92000,3.0,1.0,50.0,Sant Andreu
103000,1.0,1.0,55.0,Sant Andreu
95000,2.0,1.0,52.0,Sant Andreu
220000,2.0,1.0,72.0,Sant Andreu
194000,3.0,1.0,70.0,Sant Andreu
112000,3.0,1.0,58.0,Sant Andreu
218000,4.0,1.0,83.0,Sant Andreu
153000,3.0,1.0,52.0,Sant Andreu
263000,2.0,1.0,77.0,Sant Andreu
245000,3.0,1.0,95.0,Sant Andreu
409000,3.0,2.0,122.0,Sant Andreu
159900,3.0,1.0,53.0,Sant Andreu
389000,3.0,3.0,130.0,Sant Andreu
319900,3.0,2.0,122.0,Sant Andreu
199900,1.0,1.0,56.0,Sant Andreu
218000,4.0,1.0,83.0,Sant Andreu
255000,4.0,1.0,93.0,Sant Andreu
159000,3.0,1.0,65.0,Sant Andreu
195000,2.0,1.0,65.0,Sant Andreu
245000,2.0,1.0,52.0,Sant Andreu
160000,3.0,1.0,60.0,Sant Andreu
139000,2.0,1.0,58.0,Sant Andreu
122000,3.0,1.0,55.0,Sant Andreu
235000,1.0,1.0,119.0,Sant Andreu
219000,3.0,1.0,67.0,Sant Andreu
347000,3.0,2.0,90.0,Sant Andreu
225000,3.0,1.0,60.0,Sant Andreu
370000,4.0,2.0,95.0,Sant Andreu
155000,2.0,1.0,80.0,Sant Andreu
305000,3.0,2.0,121.0,Sant Andreu
135000,2.0,1.0,79.0,Sant Andreu
244900,4.0,2.0,79.0,Sant Andreu
230000,1.0,1.0,52.0,Sant Andreu
141000,2.0,1.0,64.0,Sant Andreu
110000,3.0,2.0,80.0,Sant Andreu
550000,2.0,2.0,120.0,Sant Andreu
230000,3.0,1.0,74.0,Sant Andreu
265000,4.0,2.0,98.0,Sant Andreu
370000,3.0,4.0,90.0,Sant Andreu
119000,3.0,1.0,61.0,Sant Andreu
225000,3.0,1.0,78.0,Sant Andreu
215000,2.0,1.0,70.0,Sant Andreu
461000,2.0,1.0,90.0,Sant Andreu
228000,4.0,2.0,80.0,Sant Andreu
189000,2.0,1.0,62.0,Sant Andreu
169700,2.0,1.0,49.0,Sant Andreu
176000,3.0,1.0,104.0,Sant Andreu
450000,6.0,1.0,222.0,Sant Andreu
141000,2.0,1.0,60.0,Sant Andreu
430000,2.0,2.0,84.0,Sant Andreu
319000,2.0,2.0,99.0,Sant Andreu
249950,2.0,1.0,91.0,Sant Andreu
119000,3.0,1.0,60.0,Sant Andreu
127000,3.0,1.0,69.0,Sant Andreu
295000,3.0,1.0,100.0,Sant Andreu
104500,3.0,1.0,63.0,Sant Andreu
216000,2.0,1.0,60.0,Sant Andreu
255000,3.0,1.0,79.0,Sant Andreu
202000,3.0,1.0,80.0,Sant Andreu
435000,2.0,2.0,114.0,Sant Andreu
259000,3.0,2.0,87.0,Sant Andreu
269000,3.0,1.0,100.0,Sant Andreu
154100,2.0,1.0,67.0,Sant Andreu
295000,3.0,1.0,78.0,Sant Andreu
276100,1.0,,,Sant Andreu
125500,3.0,1.0,55.0,Sant Andreu
153000,3.0,1.0,57.0,Sant Andreu
154100,2.0,1.0,67.0,Sant Andreu
165000,1.0,,,Sant Andreu
255000,3.0,1.0,116.0,Sant Andreu
124000,3.0,1.0,81.0,Sant Andreu
115500,3.0,1.0,61.0,Sant Andreu
108000,3.0,1.0,58.0,Sant Andreu
108500,1.0,1.0,55.0,Sant Andreu
103000,3.0,1.0,66.0,Sant Andreu
210000,3.0,1.0,78.0,Sant Andreu
350000,2.0,2.0,75.0,Sant Andreu
316000,,,,Sant Andreu
255000,3.0,1.0,81.0,Sant Andreu
170000,4.0,2.0,75.0,Sant Andreu
255000,4.0,2.0,81.0,Sant Andreu
265000,3.0,1.0,84.0,Sant Andreu
A consult,3.0,2.0,119.0,Sant Andreu
115500,2.0,1.0,67.0,Sant Andreu
230000,3.0,1.0,67.0,Sant Andreu
365000,2.0,3.0,107.0,Sant Andreu
365000,2.0,3.0,117.0,Sant Andreu
235000,3.0,1.0,70.0,Sant Andreu
249000,3.0,1.0,77.0,Sant Andreu
167000,3.0,1.0,64.0,Sant Andreu
153500,3.0,1.0,53.0,Sant Andreu
122000,3.0,1.0,67.0,Sant Andreu
115000,2.0,1.0,70.0,Sant Andreu
110000,3.0,1.0,72.0,Sant Andreu
115000,2.0,1.0,77.0,Sant Andreu
225000,2.0,1.0,68.0,Sant Andreu
95000,3.0,1.0,55.0,Sant Andreu
118800,4.0,2.0,82.0,Sant Andreu
96000,3.0,1.0,62.0,Sant Andreu
820000,3.0,3.0,350.0,Sant Andreu
315000,3.0,1.0,130.0,Sant Andreu
625000,4.0,2.0,118.0,Sant Andreu
650000,4.0,2.0,152.0,Sant Andreu
290000,3.0,1.0,79.0,Sant Andreu
425000,3.0,2.0,77.0,Sant Andreu
195000,2.0,1.0,65.0,Sant Andreu
320000,2.0,1.0,63.0,Sant Andreu
28000,3.0,1.0,46.0,Sant Andreu
175000,3.0,1.0,74.0,Sant Andreu
325000,4.0,2.0,85.0,Sant Andreu
326000,4.0,2.0,99.0,Sant Andreu
159000,2.0,1.0,50.0,Sant Andreu
239000,3.0,1.0,69.0,Sant Andreu
180000,2.0,1.0,70.0,Sant Andreu
255000,2.0,1.0,62.0,Sant Andreu
245000,3.0,1.0,101.0,Sant Andreu
498000,3.0,2.0,104.0,Sant Andreu
141000,2.0,1.0,46.0,Sant Andreu
265000,3.0,1.0,94.0,Sant Andreu
350000,2.0,1.0,61.0,Sant Andreu
148500,1.0,1.0,51.0,Sant Andreu
205000,2.0,1.0,89.0,Sant Andreu
395000,3.0,2.0,90.0,Sant Andreu
135000,3.0,1.0,51.0,Sant Andreu
443500,2.0,2.0,79.0,Sant Andreu
149000,3.0,1.0,63.0,Sant Andreu
390000,3.0,2.0,105.0,Sant Andreu
208000,3.0,1.0,40.0,Sant Andreu
122000,3.0,1.0,46.0,Sant Andreu
133000,3.0,1.0,78.0,Sant Andreu
255000,4.0,2.0,81.0,Sant Andreu
149900,,,,Sant Andreu
254000,3.0,1.0,75.0,Sant Andreu
255000,3.0,1.0,75.0,Sant Andreu
167000,3.0,1.0,70.0,Sant Andreu
157000,3.0,1.0,57.0,Sant Andreu
195000,2.0,1.0,65.0,Sant Andreu
99000,3.0,1.0,61.0,Sant Andreu
103000,2.0,1.0,66.0,Sant Andreu
250000,2.0,1.0,75.0,Sant Andreu
199000,2.0,1.0,64.0,Sant Andreu
367100,2.0,2.0,84.0,Sant Andreu
330000,2.0,1.0,73.0,Sant Andreu
889000,3.0,3.0,194.0,Sant Andreu
153500,3.0,1.0,58.0,Sant Andreu
150000,2.0,1.0,55.0,Sant Andreu
159000,3.0,1.0,65.0,Sant Andreu
255000,4.0,1.0,68.0,Sant Andreu
385000,4.0,2.0,101.0,Sant Andreu
147000,3.0,1.0,62.0,Sant Andreu
124000,4.0,1.0,78.0,Sant Andreu
115500,3.0,1.0,61.0,Sant Andreu
175000,3.0,1.0,88.0,Sant Andreu
199000,2.0,1.0,55.0,Sant Andreu
247000,4.0,1.0,80.0,Sant Andreu
168000,2.0,1.0,51.0,Sant Andreu
530000,4.0,2.0,121.0,Sant Andreu
186000,3.0,1.0,82.0,Sant Andreu
162000,3.0,1.0,52.0,Sant Andreu
135000,2.0,1.0,40.0,Sant Andreu
92500,3.0,1.0,65.0,Sant Andreu
160000,2.0,1.0,45.0,Sant Andreu
269000,1.0,1.0,53.0,Sant Andreu
138000,3.0,1.0,64.0,Sant Andreu
122000,3.0,1.0,65.0,Sant Andreu
207500,4.0,2.0,104.0,Sant Andreu
330000,2.0,2.0,62.0,Sant Andreu
248000,4.0,2.0,79.0,Sant Andreu
50000,2.0,1.0,60.0,Sant Andreu
475000,4.0,2.0,121.0,Sant Andreu
215000,2.0,1.0,57.0,Sant Andreu
219000,4.0,1.0,69.0,Sant Andreu
4200000,6.0,5.0,504.0,Sant Andreu
159000,3.0,1.0,65.0,Sant Andreu
79000,1.0,1.0,36.0,Sant Andreu
259900,2.0,1.0,72.0,Sant Andreu
215000,2.0,1.0,57.0,Sant Andreu
399900,3.0,3.0,130.0,Sant Andreu
350000,3.0,2.0,90.0,Sant Andreu
164500,2.0,1.0,50.0,Sant Andreu
225000,2.0,1.0,79.0,Sant Andreu
60200,3.0,1.0,41.0,Sant Andreu
695000,3.0,2.0,105.0,Sant Andreu
99000,3.0,1.0,60.0,Sant Andreu
135000,3.0,,,Sant Andreu
99000,4.0,1.0,84.0,Sant Andreu
325500,3.0,2.0,95.0,Sant Andreu
332000,4.0,2.0,103.0,Sant Andreu
160000,3.0,1.0,72.0,Sant Andreu
396000,4.0,2.0,12.0,Sant Andreu
43000,1.0,1.0,15.0,Sant Andreu
65000,3.0,2.0,118.0,Sant Andreu
175000,3.0,1.0,65.0,Sant Andreu
370000,3.0,2.0,115.0,Sant Andreu
550000,2.0,2.0,120.0,Sant Andreu
550000,1.0,,,Sant Andreu
387000,3.0,2.0,123.0,Sant Andreu
300000,2.0,2.0,70.0,Sant Andreu
435000,4.0,2.0,137.0,Sant Andreu
364000,3.0,2.0,109.0,Sant Andreu
340000,3.0,2.0,95.0,Sant Andreu
100000,2.0,1.0,52.0,Sant Andreu
215900,3.0,1.0,65.0,Sant Andreu
184800,3.0,1.0,79.0,Sant Andreu
152000,3.0,1.0,74.0,Sant Andreu
159900,3.0,1.0,75.0,Sant Andreu
259500,3.0,1.0,82.0,Sant Andreu
443000,3.0,2.0,150.0,Sant Andreu
580000,4.0,2.0,140.0,Sant Andreu
128000,3.0,1.0,57.0,Sant Andreu
275000,3.0,1.0,74.0,Sant Andreu
240000,4.0,1.0,82.0,Sant Andreu
340000,3.0,2.0,109.0,Sant Andreu
230000,2.0,1.0,68.0,Sant Andreu
200000,2.0,1.0,74.0,Sant Andreu
259000,3.0,1.0,80.0,Sant Andreu
65000,1.0,1.0,37.0,Sant Andreu
399000,4.0,2.0,105.0,Sant Andreu
168000,4.0,2.0,74.0,Sant Andreu
445000,3.0,2.0,100.0,Sant Andreu
360000,2.0,2.0,100.0,Sant Andreu
289000,3.0,2.0,83.0,Sant Andreu
595000,3.0,2.0,116.0,Sant Andreu
281900,3.0,2.0,81.0,Sant Andreu
218000,3.0,1.0,77.0,Sant Andreu
195000,2.0,1.0,62.0,Sant Andreu
219000,3.0,2.0,73.0,Sant Andreu
360000,2.0,1.0,77.0,Sant Andreu
245000,1.0,1.0,52.0,Sant Andreu
133000,3.0,1.0,78.0,Sant Andreu
119900,2.0,1.0,60.0,Sant Andreu
250000,1.0,1.0,52.0,Sant Andreu
250000,2.0,1.0,52.0,Sant Andreu
511700,1.0,1.0,79.0,Sant Andreu
95000,2.0,1.0,44.0,Sant Andreu
110200,2.0,1.0,93.0,Sant Andreu
290000,3.0,2.0,87.0,Sant Andreu
109000,4.0,2.0,116.0,Sant Andreu
210000,2.0,1.0,72.0,Sant Andreu
225000,2.0,1.0,80.0,Sant Andreu
215000,2.0,1.0,70.0,Sant Andreu
81000,1.0,1.0,31.0,Sant Andreu
179000,3.0,1.0,65.0,Sant Andreu
298000,3.0,2.0,81.0,Sant Andreu
339000,3.0,2.0,104.0,Sant Andreu
229000,3.0,1.0,81.0,Sant Andreu
170000,4.0,1.0,75.0,Sant Andreu
199000,4.0,1.0,69.0,Sant Andreu
178000,1.0,,,Sant Andreu
275000,3.0,2.0,100.0,Sant Andreu
300000,2.0,2.0,70.0,Sant Andreu
112000,3.0,1.0,58.0,Sant Andreu
167900,3.0,1.0,60.0,Sant Andreu
132000,3.0,1.0,70.0,Sant Andreu
145000,1.0,1.0,55.0,Sant Andreu
133900,3.0,1.0,50.0,Sant Andreu
93900,2.0,1.0,55.0,Sant Andreu
123000,3.0,1.0,67.0,Sant Andreu
139000,3.0,1.0,50.0,Sant Andreu
117000,3.0,1.0,60.0,Sant Andreu
149000,3.0,1.0,60.0,Sant Andreu
67000,3.0,1.0,214.0,Sant Andreu
73900,3.0,1.0,40.0,Sant Andreu
69000,3.0,2.0,54.0,Sant Andreu
71000,1.0,1.0,42.0,Sant Andreu
